johnleuner,b'RT @jakevdp: XKCD tackles Python packaging today https://t.co/kIchtBIS5X https://t.co/36ew2wKSJU'
LaurentF4BWT,b'Introducing Brigade - The Python automation framework https://t.co/Sy2lF3xItm'
mxcliq,b'RT @djangogirlsabj: When should we hold our first meetup? #DjangoGirls #Python @desamoye @Code_LikeAGirl @ENwanua @jennifazor'
xfxx_x,b'@takyy2018_jp w botpython'
Howz1t,b'Python Test Message: {}'
jftormal,"b'RT @KirkDBorne: #DeepLearning Cheat Sheet by @DataCamp (using #Python Libraries), plus many other cheat sheets for #DataScience and #Machin'"
nanakwesii,b'RT @EwurasiD: @nanakwesii https://t.co/521gVORAA8'
blogging_tip,b'#Web #Innovation Cython tutorial How to speed up Python - Shared from https://t.co/M1qDzkxTmP. [https://t.co/tnOs2v0ITq] #Internet'
GrabGadgetMY,b'python'
codepoetrybot,b'Python leads to continuous integration'
mmichalmadej,b'RT @realpython:  How much faster does the application run when implemented with NumPy instead of pure Python? What about TensorFlow? Chec'
machinelearnbot,b'Core Python Programming https://t.co/GjsgkyKrG0   #machinelearning #ad'
devArtoria,b'I am the top 7 python developer in Daejeon. Check your GitHub ranking on Git Awards ! https://t.co/ATlIAH75qs\n'
ThamizhPaiyan,b'Weka - WekaPyScript python server error https://t.co/tf2LdLnheW https://t.co/wvb1vfNCqs'
MAINACHARLESM,"b'RT @pythonbot_: Hello Web App: Intermediate Concepts: Learn The Skills You Need To Create A Successful, Profitable Web App.  https://t.co/S'"
nfz6,b'@python NowTime: 2018/05/08 16:21:31.1778\nTweetCount: 1641'
tsukasainvestor,b'javapython'
Rackonsdotcom,b'Check it out: Free Demo On Python Online Training and Python Training in Hyderabad https://t.co/OzkXXZDSDc https://t.co/JG33Qx5Ofc'
helpwantedbot,b'winetricks_is_cached(): # FIXME: also check file2... if given https://t.co/xHac4oizHo #Shell #Makefile #Roff #Python #opensource'
tsubotch225,b'python'
CyberToolsBooks,b'#Cyberwar #Anonymous Learning Penetration Testing with Python  https://t.co/qK849vWlAI https://t.co/L6xKbCQcuh'
MahmoudTokura,b'https://t.co/b8XeqlkfRS'
Howz1t,b'Python Test Message: [0]'
Howz1t,b'Python Test Message: [1]'
Howz1t,b'Python Test Message: [2]'
Howz1t,b'Python Test Message: [3]'
Howz1t,b'Python Test Message: [4]'
Howz1t,b'Python Test Message: [5]'
Howz1t,b'Python Test Message: [6]'
Howz1t,b'Python Test Message: [7]'
Howz1t,b'Python Test Message: [8]'
Howz1t,b'Python Test Message: [9]'
Howz1t,b'Python Test Message: [10]'
Howz1t,b'Python Test Message: [11]'
Howz1t,b'Python Test Message: [12]'
Howz1t,b'Python Test Message: [13]'
Howz1t,b'Python Test Message: [14]'
Howz1t,b'Python Test Message: [15]'
Howz1t,b'Python Test Message: [16]'
Howz1t,b'Python Test Message: [17]'
julianselect,b'RT @tarim73530469: \n\nShocking video: Python Christmas  Psycho feeds python with live cat Jasmine -  https://t.co/PXqxglLBex'
Howz1t,b'Python Test Message: [18]'
Howz1t,b'Python Test Message: [19]'
Howz1t,b'Python Test Message: [20]'
Howz1t,b'Python Test Message: [21]'
Howz1t,b'Python Test Message: [22]'
Howz1t,b'Python Test Message: [23]'
Howz1t,b'Python Test Message: [24]'
Howz1t,b'Python Test Message: [25]'
Howz1t,b'Python Test Message: [26]'
Howz1t,b'Python Test Message: [27]'
ndyirving,"b""RT @halvarflake: People ask me why I don't like Tensorflow, and this post sums up my thoughts: https://t.co/KQRKujjsLx -- it is ridiculous"""
Howz1t,b'Python Test Message: [28]'
Howz1t,b'Python Test Message: [29]'
Howz1t,b'Python Test Message: [30]'
Howz1t,b'Python Test Message: [31]'
Howz1t,b'Python Test Message: [32]'
Howz1t,b'Python Test Message: [33]'
Howz1t,b'Python Test Message: [34]'
Howz1t,b'Python Test Message: [35]'
Howz1t,b'Python Test Message: [36]'
Howz1t,b'Python Test Message: [37]'
Howz1t,b'Python Test Message: [38]'
Howz1t,b'Python Test Message: [39]'
Howz1t,b'Python Test Message: [40]'
Howz1t,b'Python Test Message: [41]'
Howz1t,b'Python Test Message: [42]'
Howz1t,b'Python Test Message: [43]'
Howz1t,b'Python Test Message: [44]'
Howz1t,b'Python Test Message: [45]'
Howz1t,b'Python Test Message: [46]'
Howz1t,b'Python Test Message: [47]'
Howz1t,b'Python Test Message: [48]'
Howz1t,b'Python Test Message: [49]'
MAINACHARLESM,b'RT @Ronald_vanLoon: Coding graphs for #DataMining in #Python using Java platform\nby @DataScienceCtrl @jworkORG |\n\nRead more at https://t.co'
MAINACHARLESM,b'RT @pythonbot_: Flask Web Development  https://t.co/qzYkzNB0xO #django #python @pythonbot_'
Voyageusedesmot,b'Je hume avec dlectation le bonheur de me passionner pour trouver une solution  ce puzzle Python sur #codingame'
DD_Serena_,b'Applied Data Science with Python Specialization #DataScience https://t.co/wQB76tpIZQ'
pythonbot_,b'Two Scoops Of Django: Best Practices For Django 1.5  https://t.co/Ije99xu1Fi #django #python @pythonbot_'
pythonbot_,"b'Pandas Cookbook: Recipes For Scientific Computing, Time Series Analysis And Data Visualization Using Python https://t.co/kJ3agJrQFY'"
culinary_ex,b'RT @DataScienceCtrl: How can R Users Learn Python for Data Science ? https://t.co/ixkpvBcg0k https://t.co/E0vuWP6XE5'
BrownDegames,"b'RT @the_yellow_fall: fetch-some-proxies v3.0.6: Python script for fetching ""some"" (usable) proxies https://t.co/zqKWXMRYxr'"
hjwp,"b'thanks to all the people who have volunteered to help me with this, expecting nothing in return except for the fun https://t.co/7GkRiRaYPQ'"
MAINACHARLESM,b'RT @pythonbot_: Learning Penetration Testing With Python  https://t.co/seRRrwhvwn #software #development #python @pythonbot_'
sfkeller,b'RT @GPCAPTMandrake: Congrats to Kang Zi Jing and @sfkeller! Fanstastic job in yesterdays QGIS Processing Framework: Automating Tasks with P'
fiorella_deluca,b'RT @patrick91: We brought a bit of Python Italia in California this week! W/ @fiorella_deluca @pirosb3 @pyconit https://t.co/fHuLAoIFT0'
MAINACHARLESM,b'RT @pythonbot_: Instant Flask Web Development  https://t.co/xHeu8goOq1 #python #flask @pythonbot_'
j3n5,"b'RT @_bl4de: Nice tool - ShellPop - Bind and Reverse Shells generator for #Python, #PHP, #Ruby, #netcat, #sockat and #PowerShell\n\nby https:/'"
anshumapandit90,b'RT @machinelearnbot: Learning Python for Data Analysis and Visualization https://t.co/AaSmvtKX6P   #machinelearning #ad'
MAINACHARLESM,b'RT @pythonbot_: Hello Web App: Intermediate Concepts  https://t.co/B8bjCtxtm3 #python #programming @pythonbot_'
anshumapandit90,b'RT @machinelearnbot: Writing High Performance Python https://t.co/0IidV0Vp8r   #machinelearning #ad'
JoshuaLongUK,"b'""Python: Syntax error IF Else statement"" via https://t.co/qmSy9KWDJR'"
JoshuaLongUK,"b'""Python: Return a list of dictionaries from a dictionary input with a new key"" via https://t.co/p1WekPMlZn'"
NinaHedgsworth,b'#Style ! https://t.co/fQ0qRODNWj'
HotJobFinder,"b'#Hiring: #Software Developer in Test  Python.\nLocation :  London, United Kin #AI #London #tweetmyjobs #jobseekers https://t.co/XaikK3swwh'"
Howz1t,b'Python Test Message: [50]'
Howz1t,b'Python Test Message: [51]'
Howz1t,b'Python Test Message: [52]'
al3nzynorth,b'RT @shehabi8:     :\nJava\nJavaScript \nPhp\nSQL\nPython\nAPI\nSDK\nC++\nC#\nWeb development \nMobile App development \nGraphica'
OscarLatestJobs,"b'New #job: Senior Software / Product Architect  Java, AWS, Python Location: Manchester Salary: 70kpa - 80kpa .. https://t.co/JplCLfCkdD'"
Howz1t,b'Python Test Message: [53]'
Howz1t,b'Python Test Message: [54]'
Howz1t,b'Python Test Message: [55]'
aurueps,b'Python'
Howz1t,b'Python Test Message: [56]'
SRRN4gFDq0FXvTd,"b'RT @infoworld: #Python, #Scala climb the ranks of language popularity, by @pjkrill  - https://t.co/KkNlm2ej0D'"
h_tsuji2011,b'RT @fchollet:  https://t.co/3tU8xdkGDP'
storiediweb,"b'Web Scraping, Regular Expressions, and Data Visualization: Doing it all in Python by @koehrsen_will https://t.co/f13H33xEHK'"
snakepic_bot,b'(Python regius) https://t.co/wrOFQQxHFA'
alizardx,"b""@JoeEllett problem i referred to above was a tv network video site that won't run in chrome\nthere are times when i https://t.co/0pYxIH3cV8"""
nfz6,b'@python NowTime: 2018/05/08 16:25:27.2616\nTweetCount: 1647'
batch_engine,b'RT @hamatz:      \n\n#\n#Python \nhttps://t.co/CU'
